{"stats":{"minecraft:crafted":{"minecraft:stone_axe":1,"minecraft:crafting_table":1,"minecraft:spruce_planks":24,"minecraft:stick":4,"minecraft:stone_pickaxe":1,"minecraft:wooden_pickaxe":1},"minecraft:custom":{"minecraft:time_since_rest":6373,"minecraft:crouch_one_cm":177,"minecraft:sprint_one_cm":8372,"minecraft:play_time":6373,"minecraft:damage_taken":122,"minecraft:walk_one_cm":13276,"minecraft:sneak_time":47,"minecraft:jump":57,"minecraft:damage_dealt":247,"minecraft:leave_game":1,"minecraft:time_since_death":6373,"minecraft:total_world_time":6373,"minecraft:interact_with_crafting_table":3,"minecraft:fall_one_cm":209,"minecraft:fly_one_cm":5331,"minecraft:player_kills":1},"minecraft:mined":{"minecraft:granite":14,"minecraft:grass":1,"minecraft:grass_block":4,"minecraft:dirt":9,"minecraft:stone":11,"minecraft:spruce_leaves":11,"minecraft:spruce_log":12},"minecraft:used":{"minecraft:stone_axe":6,"minecraft:dirt":2,"minecraft:crafting_table":1,"minecraft:stone_pickaxe":22,"minecraft:wooden_pickaxe":3},"minecraft:picked_up":{"minecraft:stick":2,"minecraft:granite":14,"minecraft:spruce_sapling":4,"minecraft:spruce_log":12,"minecraft:dirt":13,"minecraft:cobblestone":11}},"DataVersion":3465}