{"stats":{"minecraft:mined":{"minecraft:oak_log":1,"minecraft:grass_block":2,"minecraft:oak_leaves":3,"minecraft:dirt":1},"minecraft:custom":{"minecraft:jump":48,"minecraft:time_since_rest":1616,"minecraft:sprint_one_cm":12791,"minecraft:play_time":1616,"minecraft:walk_on_water_one_cm":178,"minecraft:time_since_death":1616,"minecraft:walk_one_cm":1679,"minecraft:total_world_time":1616,"minecraft:walk_under_water_one_cm":422,"minecraft:swim_one_cm":644,"minecraft:fall_one_cm":685,"minecraft:fly_one_cm":14327},"minecraft:picked_up":{"minecraft:oak_log":1}},"DataVersion":3465}