{"stats":{"minecraft:custom":{"minecraft:jump":35,"minecraft:time_since_rest":2567,"minecraft:damage_dealt":122,"minecraft:damage_taken":254,"minecraft:crouch_one_cm":672,"minecraft:leave_game":1,"minecraft:play_time":4338,"minecraft:sprint_one_cm":2226,"minecraft:time_since_death":2534,"minecraft:walk_one_cm":8170,"minecraft:deaths":1,"minecraft:sneak_time":114,"minecraft:total_world_time":4338,"minecraft:fall_one_cm":418,"minecraft:fly_one_cm":76102},"minecraft:killed_by":{"minecraft:player":1}},"DataVersion":3465}