{
  "minecraft:recipes/decorations/crafting_table": {
    "criteria": {
      "unlock_right_away": "2024-08-14 01:42:34 +0000"
    },
    "done": true
  },
  "minecraft:adventure/adventuring_time": {
    "criteria": {
      "minecraft:frozen_river": "2024-08-14 02:02:42 +0000",
      "minecraft:river": "2024-08-14 02:02:58 +0000",
      "minecraft:snowy_plains": "2024-08-14 01:42:35 +0000",
      "minecraft:forest": "2024-08-14 02:02:51 +0000",
      "minecraft:plains": "2024-08-14 02:02:52 +0000"
    },
    "done": false
  },
  "minecraft:adventure/root": {
    "criteria": {
      "killed_by_something": "2024-08-14 01:44:02 +0000"
    },
    "done": true
  },
  "DataVersion": 3465
}